team_experience,manager_experience,duration_months,transactions,entities,adjustment,language,effort_hours
1,4,12,253,52,34,1,5152
0,0,4,197,124,33,1,5635
4,4,1,40,60,18,1,805
0,0,5,200,119,30,1,3829
0,0,4,140,94,24,1,2149
2,1,9,119,42,25,2,2569
1,2,13,186,52,24,1,3913
3,4,12,172,88,32,1,7854
4,1,21,318,269,40,2,14973
2,4,18,88,170,34,1,5180
3,1,20,304,78,39,1,10577
4,3,16,116,170,27,1,7252
1,1,9,145,38,27,3,710
4,4,9,174,78,41,3,2429
2,2,3,126,49,38,3,651
1,3,17,317,119,34,2,9135
2,4,11,289,88,28,3,1435
3,3,16,302,145,52,2,8050
1,1,9,451,48,28,1,4620
2,1,18,182,126,35,1,6699
2,3,27,173,332,19,2,14987
4,3,11,131,180,51,2,12824
3,3,9,96,108,29,1,5817
2,3,17,221,121,35,1,14434
1,1,12,61,96,18,1,2583
3,7,13,45,387,16,2,8232
1,1,12,55,112,12,2,3276
3,2,6,101,45,15,2,1876
4,7,13,69,74,14,1,1603
1,3,8,194,97,35,2,3626
2,4,15,323,184,35,2,11361
1,3,6,42,31,27,2,1267
4,5,26,482,227,26,2,9100
2,3,24,473,182,40,2,13860
4,4,12,229,169,39,3,1400
4,3,12,227,73,34,1,2800
4,4,24,395,193,40,1,9520
4,3,12,469,176,43,3,5880
4,4,36,886,241,34,1,23940

